unit_key,animal_name,date,region,unit,figure_1d_order_center_to_left_row_1based,figure_1d_order_center_to_right_row_1based,figure_1d_order_left_to_center_row_1based,figure_1d_order_right_to_center_row_1based
L12:20240421:v1:0,L12,20240421,v1,0,79,217,606,419
L12:20240421:v1:1,L12,20240421,v1,1,1,341,594,385
L12:20240421:v1:3,L12,20240421,v1,3,56,532,656,277
L12:20240421:v1:6,L12,20240421,v1,6,80,86,144,100
L12:20240421:v1:8,L12,20240421,v1,8,57,145,729,677
L12:20240421:v1:9,L12,20240421,v1,9,58,424,522,710
L12:20240421:v1:10,L12,20240421,v1,10,523,484,173,548
L12:20240421:v1:11,L12,20240421,v1,11,424,87,145,254
L12:20240421:v1:12,L12,20240421,v1,12,118,300,352,357
L12:20240421:v1:13,L12,20240421,v1,13,598,88,427,711
L12:20240421:v1:14,L12,20240421,v1,14,119,425,236,358
L12:20240421:v1:15,L12,20240421,v1,15,461,89,174,440
L12:20240421:v1:16,L12,20240421,v1,16,381,405,411,359
L12:20240421:v1:17,L12,20240421,v1,17,524,286,353,549
L12:20240421:v1:18,L12,20240421,v1,18,542,512,335,550
L12:20240421:v1:19,L12,20240421,v1,19,642,533,577,1
L12:20240421:v1:20,L12,20240421,v1,20,270,576,293,293
L12:20240421:v1:21,L12,20240421,v1,21,449,294,328,597
L12:20240421:v1:22,L12,20240421,v1,22,582,218,107,598
L12:20240421:v1:24,L12,20240421,v1,24,592,635,730,712
L12:20240421:v1:26,L12,20240421,v1,26,333,365,607,338
L12:20240421:v1:28,L12,20240421,v1,28,689,703,640,2
L12:20240421:v1:29,L12,20240421,v1,29,81,121,471,607
L12:20240421:v1:30,L12,20240421,v1,30,82,177,265,244
L12:20240421:v1:31,L12,20240421,v1,31,318,260,641,657
L12:20240421:v1:32,L12,20240421,v1,32,382,178,247,386
L12:20240421:v1:33,L12,20240421,v1,33,83,386,472,139
L12:20240421:v1:35,L12,20240421,v1,35,690,301,523,3
L12:20240421:v1:37,L12,20240421,v1,37,628,600,642,646
L12:20240421:v1:38,L12,20240421,v1,38,525,1,446,387
L12:20240421:v1:40,L12,20240421,v1,40,167,247,294,265
L12:20240421:v1:41,L12,20240421,v1,41,194,238,295,278
L12:20240421:v1:42,L12,20240421,v1,42,505,90,286,460
L12:20240421:v1:44,L12,20240421,v1,44,243,620,296,313
L12:20240421:v1:45,L12,20240421,v1,45,214,239,287,289
L12:20240421:v1:46,L12,20240421,v1,46,605,179,473,599
L12:20240421:v1:47,L12,20240421,v1,47,2,219,230,339
L12:20240421:v1:49,L12,20240421,v1,49,383,342,366,360
L12:20240421:v1:51,L12,20240421,v1,51,356,2,248,361
L12:20240421:v1:53,L12,20240421,v1,53,357,277,336,577
L12:20240421:v1:55,L12,20240421,v1,55,506,542,669,517
L12:20240421:v1:58,L12,20240421,v1,58,265,387,423,688
L12:20240421:v1:59,L12,20240421,v1,59,358,343,367,362
L12:20240421:v1:60,L12,20240421,v1,60,227,591,657,578
L12:20240421:v1:61,L12,20240421,v1,61,599,146,578,4
L12:20240421:v1:62,L12,20240421,v1,62,691,122,621,441
L12:20240421:v1:63,L12,20240421,v1,63,563,162,595,600
L12:20240421:v1:64,L12,20240421,v1,64,384,323,368,388
L12:20240421:v1:70,L12,20240421,v1,70,3,661,354,281
L12:20240421:v1:72,L12,20240421,v1,72,168,324,369,186
L12:20240421:v1:73,L12,20240421,v1,73,316,388,288,332
L12:20240421:v1:74,L12,20240421,v1,74,359,513,556,363
L12:20240421:v1:76,L12,20240421,v1,76,385,3,474,579
L12:20240421:v1:77,L12,20240421,v1,77,692,271,329,389
L12:20240421:v1:78,L12,20240421,v1,78,425,4,289,390
L12:20240421:v1:79,L12,20240421,v1,79,311,344,337,391
L12:20240421:v1:80,L12,20240421,v1,80,169,543,424,461
L12:20240421:v1:81,L12,20240421,v1,81,120,514,213,392
L12:20240421:v1:83,L12,20240421,v1,83,643,557,731,713
L12:20240421:v1:84,L12,20240421,v1,84,121,345,391,101
L12:20240421:v1:85,L12,20240421,v1,85,644,278,670,663
L12:20240421:v1:86,L12,20240421,v1,86,386,592,648,393
L12:20240421:v1:87,L12,20240421,v1,87,195,649,412,299
L12:20240421:v1:88,L12,20240421,v1,88,215,612,671,693
L12:20240421:v1:89,L12,20240421,v1,89,477,123,683,462
L12:20240421:v1:90,L12,20240421,v1,90,277,295,338,636
L12:20240421:v1:92,L12,20240421,v1,92,253,583,649,678
L12:20240421:v1:93,L12,20240421,v1,93,387,544,392,394
L12:20240421:v1:94,L12,20240421,v1,94,677,650,433,431
L12:20240421:v1:95,L12,20240421,v1,95,693,704,370,616
L12:20240421:v1:96,L12,20240421,v1,96,554,180,694,314
L12:20240421:v1:97,L12,20240421,v1,97,334,485,475,518
L12:20240421:v1:100,L12,20240421,v1,100,645,346,393,395
L12:20240421:v1:101,L12,20240421,v1,101,196,534,394,81
L12:20240421:v1:102,L12,20240421,v1,102,170,444,434,519
L12:20240421:v1:103,L12,20240421,v1,103,678,435,435,520
L12:20240421:v1:104,L12,20240421,v1,104,662,705,249,551
L12:20240421:v1:105,L12,20240421,v1,105,694,445,146,140
L12:20240421:v1:106,L12,20240421,v1,106,695,5,1,5
L12:20240421:v1:108,L12,20240421,v1,108,564,181,684,608
L12:20240421:v1:109,L12,20240421,v1,109,696,446,447,6
L12:20240421:v1:110,L12,20240421,v1,110,663,621,355,347
L12:20240421:v1:114,L12,20240421,v1,114,616,593,706,703
L12:20240421:v1:115,L12,20240421,v1,115,4,764,195,7
L12:20240421:v1:117,L12,20240421,v1,117,84,535,276,141
L12:20240421:v1:118,L12,20240421,v1,118,360,163,196,552
L12:20240421:v1:119,L12,20240421,v1,119,254,536,690,266
L12:20240421:v1:120,L12,20240421,v1,120,197,447,250,267
L12:20240421:v1:121,L12,20240421,v1,121,278,651,672,627
L12:20240421:v1:123,L12,20240421,v1,123,617,448,2,8
L12:20240421:v1:124,L12,20240421,v1,124,697,706,3,82
L12:20240421:v1:125,L12,20240421,v1,125,664,689,313,714
L12:20240421:v1:126,L12,20240421,v1,126,171,389,214,187
L12:20240421:v1:129,L12,20240421,v1,129,216,707,4,9
L12:20240421:v1:130,L12,20240421,v1,130,698,449,436,255
L12:20240421:v1:131,L12,20240421,v1,131,217,537,596,169
L12:20240421:v1:132,L12,20240421,v1,132,5,515,73,220
L12:20240421:v1:136,L12,20240421,v1,136,85,426,5,83
L12:20240421:v1:138,L12,20240421,v1,138,228,390,147,447
L12:20240421:v1:139,L12,20240421,v1,139,699,450,524,102
L12:20240421:v1:140,L12,20240421,v1,140,137,6,175,103
L12:20240421:v1:141,L12,20240421,v1,141,288,613,635,294
L12:20240421:v1:142,L12,20240421,v1,142,198,325,597,170
L12:20240421:v1:144,L12,20240421,v1,144,484,124,314,482
L12:20240421:v1:145,L12,20240421,v1,145,199,366,579,171
L12:20240421:v1:146,L12,20240421,v1,146,172,516,557,188
L12:20240421:v1:147,L12,20240421,v1,147,543,182,695,601
L12:20240421:v1:150,L12,20240421,v1,150,485,125,290,602
L12:20240421:v1:151,L12,20240421,v1,151,700,708,6,10
L12:20240421:v1:153,L12,20240421,v1,153,86,558,608,221
L12:20240421:v1:155,L12,20240421,v1,155,335,126,237,553
L12:20240421:v1:157,L12,20240421,v1,157,583,261,673,664
L12:20240421:v1:158,L12,20240421,v1,158,336,91,715,463
L12:20240421:v1:159,L12,20240421,v1,159,665,287,356,432
L12:20240421:v1:160,L12,20240421,v1,160,138,486,238,554
L12:20240421:v1:161,L12,20240421,v1,161,218,451,371,142
L12:20240421:v1:162,L12,20240421,v1,162,666,436,357,521
L12:20240421:v1:163,L12,20240421,v1,163,122,517,395,143
L12:20240421:v1:165,L12,20240421,v1,165,229,709,476,104
L12:20240421:v1:167,L12,20240421,v1,167,701,452,525,144
L12:20240421:v1:168,L12,20240421,v1,168,702,453,448,11
L12:20240421:v1:170,L12,20240421,v1,170,388,92,449,555
L12:20240421:v1:171,L12,20240421,v1,171,87,454,450,483
L12:20240421:v1:172,L12,20240421,v1,172,612,690,732,715
L12:20240421:v1:173,L12,20240421,v1,173,289,624,658,304
L12:20240421:v1:174,L12,20240421,v1,174,6,566,197,622
L12:20240421:v1:176,L12,20240421,v1,176,255,455,477,256
L12:20240421:v1:177,L12,20240421,v1,177,7,7,526,522
L12:20240421:v1:178,L12,20240421,v1,178,703,662,733,716
L12:20240421:v1:179,L12,20240421,v1,179,704,710,372,442
L12:20240421:v1:180,L12,20240421,v1,180,705,437,339,318
L12:20240421:v1:181,L12,20240421,v1,181,8,456,478,12
L12:20240421:v1:186,L12,20240421,v1,186,200,487,527,189
L12:20240421:v1:187,L12,20240421,v1,187,389,54,108,84
L12:20240421:v1:189,L12,20240421,v1,189,9,220,479,245
L12:20240421:v1:191,L12,20240421,v1,191,706,711,176,13
L12:20240421:v1:192,L12,20240421,v1,192,526,147,413,603
L12:20240421:v1:193,L12,20240421,v1,193,337,55,451,556
L12:20240421:v1:194,L12,20240421,v1,194,426,56,177,190
L12:20240421:v1:195,L12,20240421,v1,195,707,712,7,14
L12:20240421:v1:196,L12,20240421,v1,196,306,302,598,647
L12:20240421:v1:197,L12,20240421,v1,197,319,488,8,15
L12:20240421:v1:199,L12,20240421,v1,199,338,93,452,464
L12:20240421:v1:200,L12,20240421,v1,200,59,489,9,16
L12:20240421:v1:201,L12,20240421,v1,201,139,457,453,279
L12:20240421:v1:202,L12,20240421,v1,202,297,94,10,465
L12:20240421:v1:203,L12,20240421,v1,203,260,567,454,628
L12:20240421:v1:204,L12,20240421,v1,204,320,8,11,580
L12:20240421:v1:205,L12,20240421,v1,205,173,518,528,191
L12:20240421:v1:206,L12,20240421,v1,206,679,490,529,604
L12:20240421:v1:207,L12,20240421,v1,207,219,519,178,233
L12:20240421:v1:208,L12,20240421,v1,208,708,713,297,315
L12:20240421:v1:209,L12,20240421,v1,209,709,714,734,717
L12:20240421:v1:210,L12,20240421,v1,210,88,288,251,557
L12:20240421:v1:211,L12,20240421,v1,211,140,491,480,145
L12:20240421:v1:212,L12,20240421,v1,212,710,458,735,319
L12:20240421:v1:213,L12,20240421,v1,213,141,459,481,146
L12:20240421:v1:214,L12,20240421,v1,214,651,663,643,448
L12:20240421:v1:216,L12,20240421,v1,216,201,460,558,192
L12:20240421:v1:217,L12,20240421,v1,217,123,9,12,105
L12:20240421:v1:221,L12,20240421,v1,221,89,10,198,106
L12:20240421:v1:223,L12,20240421,v1,223,565,11,674,609
L12:20240421:v1:224,L12,20240421,v1,224,202,691,109,172
L12:20240421:v1:228,L12,20240421,v1,228,90,461,482,107
L12:20240421:v1:229,L12,20240421,v1,229,174,12,74,257
L12:20240421:v1:230,L12,20240421,v1,230,124,462,483,320
L12:20240421:v1:231,L12,20240421,v1,231,175,492,75,193
L12:20240421:v1:232,L12,20240421,v1,232,10,438,437,17
L12:20240421:v1:233,L12,20240421,v1,233,339,493,252,333
L12:20240421:v1:234,L12,20240421,v1,234,361,692,215,18
L12:20240421:v1:235,L12,20240421,v1,235,142,463,13,19
L12:20240421:v1:237,L12,20240421,v1,237,143,494,530,147
L12:20240421:v1:238,L12,20240421,v1,238,711,715,14,20
L12:20240421:v1:240,L12,20240421,v1,240,60,347,216,108
L12:20240421:v1:250,L12,20240421,v1,250,555,57,455,109
L12:20240421:v1:252,L12,20240421,v1,252,203,545,281,194
L12:20240421:v1:253,L12,20240421,v1,253,91,127,217,110
L12:20240421:v1:254,L12,20240421,v1,254,712,13,15,21
L12:20240421:v1:256,L12,20240421,v1,256,544,164,559,581
L12:20240421:v1:257,L12,20240421,v1,257,11,348,650,22
L12:20240421:v1:258,L12,20240421,v1,258,527,568,651,623
L12:20240421:v1:260,L12,20240421,v1,260,290,14,736,718
L12:20240421:v1:266,L12,20240421,v1,266,584,289,716,629
L12:20240421:v1:268,L12,20240421,v1,268,125,464,484,111
L12:20240421:v1:270,L12,20240421,v1,270,713,716,16,466
L14:20240611:v1:0,L14,20240611,v1,0,486,290,301,484
L14:20240611:v1:1,L14,20240611,v1,1,545,418,485,449
L14:20240611:v1:2,L14,20240611,v1,2,487,128,580,112
L14:20240611:v1:3,L14,20240611,v1,3,256,569,17,282
L14:20240611:v1:4,L14,20240611,v1,4,570,165,218,396
L14:20240611:v1:8,L14,20240611,v1,8,636,406,456,689
L14:20240611:v1:10,L14,20240611,v1,10,507,391,599,485
L14:20240611:v1:11,L14,20240611,v1,11,478,601,425,222
L14:20240611:v1:12,L14,20240611,v1,12,450,183,148,113
L14:20240611:v1:13,L14,20240611,v1,13,298,240,644,268
L14:20240611:v1:14,L14,20240611,v1,14,578,625,302,630
L14:20240611:v1:15,L14,20240611,v1,15,230,262,737,672
L14:20240611:v1:17,L14,20240611,v1,17,427,200,199,719
L14:20240611:v1:18,L14,20240611,v1,18,92,211,560,114
L14:20240611:v1:19,L14,20240611,v1,19,629,626,707,321
L14:20240611:v1:20,L14,20240611,v1,20,266,221,659,305
L14:20240611:v1:21,L14,20240611,v1,21,508,201,531,486
L14:20240611:v1:22,L14,20240611,v1,22,509,212,200,487
L14:20240611:v1:23,L14,20240611,v1,23,510,652,738,488
L14:20240611:v1:24,L14,20240611,v1,24,714,407,438,679
L14:20240611:v1:25,L14,20240611,v1,25,511,202,201,523
L14:20240611:v1:26,L14,20240611,v1,26,488,408,486,489
L14:20240611:v1:27,L14,20240611,v1,27,606,203,303,234
L14:20240611:v1:28,L14,20240611,v1,28,231,95,18,720
L14:20240611:v1:30,L14,20240611,v1,30,232,222,636,258
L14:20240611:v1:31,L14,20240611,v1,31,451,184,202,397
L14:20240611:v1:33,L14,20240611,v1,33,390,326,376,582
L14:20240611:v1:34,L14,20240611,v1,34,479,96,532,467
L14:20240611:v1:43,L14,20240611,v1,43,715,717,739,721
L14:20240611:v1:50,L14,20240611,v1,50,391,327,581,558
L14:20240611:v1:52,L14,20240611,v1,52,528,129,179,490
L14:20240611:v1:53,L14,20240611,v1,53,452,166,180,420
L14:20240611:v1:54,L14,20240611,v1,54,93,148,149,115
L14:20240611:v1:58,L14,20240611,v1,58,489,204,219,491
L14:20240611:v1:59,L14,20240611,v1,59,299,255,253,235
L14:20240611:v1:61,L14,20240611,v1,61,271,546,629,450
L14:20240611:v1:62,L14,20240611,v1,62,680,675,19,23
L14:20240611:v1:66,L14,20240611,v1,66,12,349,414,85
L14:20240611:v1:68,L14,20240611,v1,68,546,97,150,492
L14:20240611:v1:79,L14,20240611,v1,79,428,718,637,493
L14:20240611:v1:80,L14,20240611,v1,80,547,205,582,494
L14:20240611:v1:84,L14,20240611,v1,84,392,328,110,495
L14:20240611:v1:85,L14,20240611,v1,85,716,329,740,637
L14:20240611:v1:86,L14,20240611,v1,86,571,584,660,648
L14:20240611:v1:88,L14,20240611,v1,88,393,719,396,722
L14:20240611:v1:89,L14,20240611,v1,89,572,149,377,658
L14:20240611:v1:90,L14,20240611,v1,90,244,330,600,673
L14:20240611:v1:91,L14,20240611,v1,91,548,367,20,559
L14:20240611:v1:92,L14,20240611,v1,92,340,577,330,322
L14:20240611:v1:93,L14,20240611,v1,93,321,676,652,340
L14:20240611:v1:94,L14,20240611,v1,94,94,58,76,496
L14:20240611:v1:96,L14,20240611,v1,96,13,693,21,524
L14:20240611:v1:97,L14,20240611,v1,97,529,150,181,525
L14:20240611:v1:98,L14,20240611,v1,98,272,130,111,116
L14:20240611:v1:99,L14,20240611,v1,99,429,185,203,421
L14:20240611:v1:101,L14,20240611,v1,101,61,98,112,86
L14:20240611:v1:103,L14,20240611,v1,103,667,653,315,694
L14:20240611:v1:104,L14,20240611,v1,104,261,223,239,246
L14:20240611:v1:105,L14,20240611,v1,105,549,186,204,583
L14:20240611:v1:107,L14,20240611,v1,107,646,610,583,348
L14:20240611:v1:110,L14,20240611,v1,110,233,224,254,269
L14:20240611:v1:112,L14,20240611,v1,112,668,59,22,497
L14:20240611:v1:116,L14,20240611,v1,116,573,570,675,631
L14:20240611:v1:117,L14,20240611,v1,117,267,465,378,451
L14:20240611:v1:119,L14,20240611,v1,119,530,187,741,526
L14:20240611:v1:121,L14,20240611,v1,121,322,291,358,341
L14:20240611:v1:123,L14,20240611,v1,123,607,720,533,468
L14:20240611:v1:126,L14,20240611,v1,126,453,350,23,223
L14:20240611:v1:130,L14,20240611,v1,130,512,206,584,498
L14:20240611:v1:131,L14,20240611,v1,131,513,303,585,469
L14:20240611:v1:133,L14,20240611,v1,133,514,304,182,499
L14:20240611:v1:135,L14,20240611,v1,135,585,267,331,723
L14:20240611:v1:138,L14,20240611,v1,138,14,578,439,724
L14:20240611:v1:142,L14,20240611,v1,142,15,15,24,24
L14:20240611:v1:144,L14,20240611,v1,144,490,292,304,500
L14:20240611:v1:146,L14,20240611,v1,146,95,305,415,433
L14:20240611:v1:147,L14,20240611,v1,147,491,331,113,470
L14:20240611:v1:149,L14,20240611,v1,149,144,16,77,87
L14:20240611:v1:150,L14,20240611,v1,150,480,694,717,173
L14:20240611:v1:151,L14,20240611,v1,151,341,654,340,674
L14:20240611:v1:152,L14,20240611,v1,152,574,427,440,725
L14:20240611:v1:153,L14,20240611,v1,153,16,677,25,236
L14:20240611:v1:154,L14,20240611,v1,154,550,538,291,364
L14:20240611:v1:155,L14,20240611,v1,155,430,131,151,501
L14:20240611:v1:156,L14,20240611,v1,156,586,241,240,270
L14:20240611:v1:158,L14,20240611,v1,158,556,695,220,584
L14:20240611:v1:160,L14,20240611,v1,160,394,594,534,471
L14:20240611:v1:162,L14,20240611,v1,162,234,272,661,300
L14:20240611:v1:164,L14,20240611,v1,164,613,636,324,665
L14:20240611:v1:165,L14,20240611,v1,165,681,721,691,698
L14:20240611:v1:167,L14,20240611,v1,167,17,332,78,25
L14:20240611:v1:168,L14,20240611,v1,168,18,306,742,26
L14:20240611:v1:170,L14,20240611,v1,170,717,678,743,585
L14:20240611:v1:171,L14,20240611,v1,171,531,679,221,527
L14:20240611:v1:172,L14,20240611,v1,172,492,99,114,88
L14:20240611:v1:173,L14,20240611,v1,173,96,167,359,27
L14:20240611:v1:176,L14,20240611,v1,176,454,333,379,148
L14:20240611:v1:177,L14,20240611,v1,177,395,168,183,398
L14:20240611:v1:178,L14,20240611,v1,178,279,559,601,283
L14:20240611:v1:179,L14,20240611,v1,179,342,169,152,117
L14:20240611:v1:182,L14,20240611,v1,182,19,263,397,28
L14:20240611:v1:187,L14,20240611,v1,187,396,307,184,726
L14:20240611:v1:190,L14,20240611,v1,190,220,585,535,271
L14:20240611:v1:191,L14,20240611,v1,191,718,351,398,29
L14:20240611:v1:202,L14,20240611,v1,202,532,132,153,528
L14:20240611:v1:204,L14,20240611,v1,204,515,100,744,502
L14:20240611:v1:205,L14,20240611,v1,205,431,188,185,365
L14:20240611:v1:207,L14,20240611,v1,207,579,17,222,306
L14:20240611:v1:208,L14,20240611,v1,208,566,627,316,323
L14:20240611:v1:209,L14,20240611,v1,209,481,60,79,30
L14:20240611:v1:212,L14,20240611,v1,212,432,308,154,503
L14:20240611:v1:213,L14,20240611,v1,213,455,133,115,472
L14:20240611:v1:214,L14,20240611,v1,214,630,628,487,307
L14:20240611:v1:215,L14,20240611,v1,215,433,134,116,504
L14:20240611:v1:219,L14,20240611,v1,219,493,18,117,473
L14:20240611:v1:221,L14,20240611,v1,221,434,135,155,474
L14:20240611:v1:222,L14,20240611,v1,222,126,19,26,727
L14:20240611:v1:223,L14,20240611,v1,223,494,368,186,505
L14:20240611:v1:224,L14,20240611,v1,224,533,151,205,529
L14:20240611:v1:225,L14,20240611,v1,225,20,352,536,506
L14:20240611:v1:226,L14,20240611,v1,226,462,664,332,530
L14:20240611:v1:227,L14,20240611,v1,227,471,101,156,586
L14:20240611:v1:231,L14,20240611,v1,231,273,256,537,690
L14:20240611:v1:232,L14,20240611,v1,232,435,279,187,195
L14:20240611:v1:233,L14,20240611,v1,233,495,334,157,728
L14:20240611:v1:236,L14,20240611,v1,236,496,309,561,475
L14:20240611:v1:239,L14,20240611,v1,239,397,353,188,149
L14:20240611:v1:240,L14,20240611,v1,240,482,152,538,452
L14:20240611:v1:241,L14,20240611,v1,241,21,579,27,150
L14:20240611:v1:244,L14,20240611,v1,244,323,273,539,729
L14:20240611:v1:245,L14,20240611,v1,245,145,580,282,31
L14:20240611:v1:247,L14,20240611,v1,247,146,409,428,476
L14:20240611:v1:249,L14,20240611,v1,249,22,595,80,666
L14:20240611:v1:252,L14,20240611,v1,252,669,722,325,624
L14:20240611:v1:258,L14,20240611,v1,258,235,369,399,196
L14:20240611:v1:259,L14,20240611,v1,259,557,207,231,434
L14:20240611:v1:260,L14,20240611,v1,260,147,20,81,32
L14:20240611:v1:261,L14,20240611,v1,261,204,370,82,610
L14:20240611:v1:267,L14,20240611,v1,267,312,280,745,625
L14:20240611:v1:268,L14,20240611,v1,268,608,335,708,284
L14:20240611:v1:270,L14,20240611,v1,270,148,225,241,477
L14:20240611:v1:271,L14,20240611,v1,271,97,21,118,33
L14:20240611:v1:272,L14,20240611,v1,272,497,581,676,399
L14:20240611:v1:274,L14,20240611,v1,274,398,392,380,730
L14:20240611:v1:276,L14,20240611,v1,276,558,189,298,316
L14:20240611:v1:278,L14,20240611,v1,278,127,354,488,259
L14:20240611:v1:279,L14,20240611,v1,279,719,614,696,649
L14:20240611:v1:280,L14,20240611,v1,280,23,393,28,34
L14:20240611:v1:282,L14,20240611,v1,282,456,696,586,342
L14:20240611:v1:284,L14,20240611,v1,284,62,371,29,35
L14:20240611:v1:286,L14,20240611,v1,286,720,723,400,731
L14:20240611:v1:287,L14,20240611,v1,287,300,226,653,667
L14:20240611:v1:289,L14,20240611,v1,289,721,310,381,695
L14:20240611:v1:291,L14,20240611,v1,291,176,242,341,732
L14:20240611:v1:294,L14,20240611,v1,294,98,355,119,151
L14:20240611:v1:295,L14,20240611,v1,295,567,611,317,443
L14:20240611:v1:298,L14,20240611,v1,298,722,697,677,699
L14:20240611:v1:299,L14,20240611,v1,299,587,227,382,237
L14:20240611:v1:301,L14,20240611,v1,301,63,356,83,611
L14:20240611:v1:302,L14,20240611,v1,302,64,357,30,36
L14:20240611:v1:303,L14,20240611,v1,303,324,311,84,343
L14:20240611:v1:304,L14,20240611,v1,304,24,22,31,37
L14:20240611:v1:309,L14,20240611,v1,309,221,724,723,704
L14:20240611:v1:311,L14,20240611,v1,311,25,394,587,38
L14:20240611:v1:313,L14,20240611,v1,313,399,395,383,560
L14:20240611:v1:314,L14,20240611,v1,314,26,372,401,39
L14:20240611:v1:315,L14,20240611,v1,315,280,281,318,668
L14:20240611:v1:316,L14,20240611,v1,316,618,725,223,422
L14:20240611:v1:317,L14,20240611,v1,317,236,698,32,733
L14:20240611:v1:318,L14,20240611,v1,318,723,495,402,280
L14:20240611:v1:319,L14,20240611,v1,319,237,373,746,734
L14:20240611:v1:321,L14,20240611,v1,321,274,228,158,735
L14:20240611:v1:322,L14,20240611,v1,322,400,23,189,423
L14:20240611:v1:323,L14,20240611,v1,323,149,274,342,152
L14:20240611:v1:324,L14,20240611,v1,324,614,637,305,324
L14:20240611:v1:328,L14,20240611,v1,328,99,396,747,153
L14:20240611:v1:330,L14,20240611,v1,330,150,136,120,154
L14:20240611:v1:331,L14,20240611,v1,331,128,358,255,247
L14:20240611:v1:333,L14,20240611,v1,333,100,137,403,118
L14:20240611:v1:335,L14,20240611,v1,335,101,410,121,155
L14:20240611:v1:337,L14,20240611,v1,337,245,622,242,260
L14:20240611:v1:345,L14,20240611,v1,345,498,726,457,366
L14:20240611:v1:346,L14,20240611,v1,346,682,665,748,478
L14:20240611:v1:347,L14,20240611,v1,347,129,547,489,424
L14:20240611:v1:350,L14,20240611,v1,350,222,596,232,238
L14:20240611:v1:351,L14,20240611,v1,351,301,282,662,308
L14:20240611:v1:352,L14,20240611,v1,352,401,374,159,400
L14:20240611:v1:353,L14,20240611,v1,353,516,138,122,531
L14:20240611:v1:354,L14,20240611,v1,354,238,666,588,239
L14:20240611:v1:355,L14,20240611,v1,355,281,268,343,617
L14:20240611:v1:356,L14,20240611,v1,356,151,153,123,156
L14:20240611:v1:357,L14,20240611,v1,357,152,419,441,587
L14:20240611:v1:358,L14,20240611,v1,358,27,680,306,605
L14:20240611:v1:359,L14,20240611,v1,359,402,139,124,435
L14:20240611:v1:362,L14,20240611,v1,362,65,375,404,119
L14:20240611:v1:363,L14,20240611,v1,363,205,102,125,89
L14:20240611:v1:364,L14,20240611,v1,364,102,727,442,325
L14:20240611:v1:365,L14,20240611,v1,365,28,312,33,40
L14:20240611:v1:366,L14,20240611,v1,366,130,376,663,41
L14:20240611:v1:367,L14,20240611,v1,367,559,638,697,309
L14:20240611:v1:368,L14,20240611,v1,368,282,248,266,650
L14:20240611:v1:369,L14,20240611,v1,369,177,377,126,174
L14:20240611:v1:371,L14,20240611,v1,371,29,24,206,42
L14:20240611:v1:373,L14,20240611,v1,373,588,728,333,700
L14:20240611:v1:374,L14,20240611,v1,374,631,629,709,701
L14:20240611:v1:375,L14,20240611,v1,375,66,103,85,334
L14:20240611:v1:377,L14,20240611,v1,377,302,313,630,680
L14:20240611:v1:378,L14,20240611,v1,378,724,729,34,612
L14:20240611:v1:379,L14,20240611,v1,379,670,496,490,561
L14:20240611:v1:381,L14,20240611,v1,381,317,140,685,632
L15:20241121:v1:1,L15,20241121,v1,1,560,154,160,588
L15:20241121:v1:2,L15,20241121,v1,2,632,155,190,691
L15:20241121:v1:4,L15,20241121,v1,4,153,378,609,43
L15:20241121:v1:5,L15,20241121,v1,5,683,520,724,705
L15:20241121:v1:6,L15,20241121,v1,6,403,639,224,401
L15:20241121:v1:8,L15,20241121,v1,8,30,699,384,44
L15:20241121:v1:9,L15,20241121,v1,9,725,640,686,736
L15:20241121:v1:10,L15,20241121,v1,10,436,104,86,532
L15:20241121:v1:15,L15,20241121,v1,15,726,730,749,737
L15:20241121:v1:16,L15,20241121,v1,16,154,229,225,175
L15:20241121:v1:18,L15,20241121,v1,18,404,141,161,367
L15:20241121:v1:19,L15,20241121,v1,19,362,25,162,368
L15:20241121:v1:20,L15,20241121,v1,20,633,582,256,197
L15:20241121:v1:21,L15,20241121,v1,21,534,26,35,453
L15:20241121:v1:22,L15,20241121,v1,22,437,630,283,533
L15:20241121:v1:23,L15,20241121,v1,23,405,105,127,369
L15:20241121:v1:24,L15,20241121,v1,24,363,142,163,370
L15:20241121:v1:26,L15,20241121,v1,26,593,27,36,562
L15:20241121:v1:27,L15,20241121,v1,27,178,336,344,198
L15:20241121:v1:28,L15,20241121,v1,28,472,428,458,454
L15:20241121:v1:29,L15,20241121,v1,29,594,429,416,738
L15:20241121:v1:30,L15,20241121,v1,30,727,731,678,739
L15:20241121:v1:32,L15,20241121,v1,32,31,28,37,402
L15:20241121:v1:33,L15,20241121,v1,33,67,379,373,403
L15:20241121:v1:34,L15,20241121,v1,34,580,641,718,709
L15:20241121:v1:38,L15,20241121,v1,38,179,430,459,176
L15:20241121:v1:39,L15,20241121,v1,39,499,106,87,534
L15:20241121:v1:42,L15,20241121,v1,42,473,107,38,455
L15:20241121:v1:43,L15,20241121,v1,43,406,61,88,425
L15:20241121:v1:46,L15,20241121,v1,46,364,108,89,535
L15:20241121:v1:48,L15,20241121,v1,48,407,62,90,507
L15:20241121:v1:49,L15,20241121,v1,49,500,681,277,508
L15:20241121:v1:51,L15,20241121,v1,51,728,732,750,740
L15:20241121:v1:52,L15,20241121,v1,52,68,380,417,436
L15:20241121:v1:53,L15,20241121,v1,53,684,700,460,509
L15:20241121:v1:54,L15,20241121,v1,54,637,615,128,290
L15:20241121:v1:56,L15,20241121,v1,56,408,733,602,741
L15:20241121:v1:57,L15,20241121,v1,57,619,359,698,285
L15:20241121:v1:59,L15,20241121,v1,59,652,243,307,659
L15:20241121:v1:61,L15,20241121,v1,61,32,63,164,371
L15:20241121:v1:62,L15,20241121,v1,62,729,734,91,224
L15:20241121:v1:63,L15,20241121,v1,63,239,735,622,742
L15:20241121:v1:64,L15,20241121,v1,64,262,381,385,626
L15:20241121:v1:65,L15,20241121,v1,65,257,597,603,404
L15:20241121:v1:66,L15,20241121,v1,66,501,109,129,536
L15:20241121:v1:68,L15,20241121,v1,68,343,655,257,326
L15:20241121:v1:70,L15,20241121,v1,70,634,623,319,261
L15:20241121:v1:72,L15,20241121,v1,72,33,411,645,45
L15:20241121:v1:73,L15,20241121,v1,73,463,602,267,510
L15:20241121:v1:74,L15,20241121,v1,74,155,571,562,157
L15:20241121:v1:75,L15,20241121,v1,75,344,29,39,638
L15:20241121:v1:76,L15,20241121,v1,76,180,560,429,177
L15:20241121:v1:77,L15,20241121,v1,77,263,213,664,46
L15:20241121:v1:78,L15,20241121,v1,78,69,64,92,651
L15:20241121:v1:80,L15,20241121,v1,80,34,65,93,563
L15:20241121:v1:81,L15,20241121,v1,81,246,736,725,47
L15:20241121:v1:82,L15,20241121,v1,82,671,682,726,706
L15:20241121:v1:84,L15,20241121,v1,84,620,249,326,669
L15:20241121:v1:85,L15,20241121,v1,85,345,30,40,537
L15:20241121:v1:86,L15,20241121,v1,86,464,603,258,272
L15:20241121:v1:88,L15,20241121,v1,88,35,737,41,48
L15:20241121:v1:89,L15,20241121,v1,89,438,738,727,372
L15:20241121:v1:90,L15,20241121,v1,90,672,739,374,49
L15:20241121:v1:91,L15,20241121,v1,91,439,397,130,50
L15:20241121:v1:92,L15,20241121,v1,92,440,586,191,349
L15:20241121:v1:93,L15,20241121,v1,93,365,66,131,564
L15:20241121:v1:94,L15,20241121,v1,94,131,398,461,437
L15:20241121:v1:95,L15,20241121,v1,95,132,572,233,120
L15:20241121:v1:96,L15,20241121,v1,96,517,283,284,438
L15:20241121:v1:97,L15,20241121,v1,97,366,31,360,373
L15:20241121:v1:99,L15,20241121,v1,99,367,314,563,374
L15:20241121:v1:100,L15,20241121,v1,100,441,67,132,405
L15:20241121:v1:101,L15,20241121,v1,101,442,68,42,121
L15:20241121:v1:104,L15,20241121,v1,104,443,315,243,375
L15:20241121:v1:106,L15,20241121,v1,106,368,69,540,538
L15:20241121:v1:111,L15,20241121,v1,111,409,70,94,696
L15:20241121:v1:112,L15,20241121,v1,112,457,439,610,426
L15:20241121:v1:113,L15,20241121,v1,113,410,32,95,376
L15:20241121:v1:114,L15,20241121,v1,114,346,740,43,511
L15:20241121:v1:115,L15,20241121,v1,115,653,71,611,178
L15:20241121:v1:116,L15,20241121,v1,116,465,316,207,427
L15:20241121:v1:117,L15,20241121,v1,117,411,72,133,406
L15:20241121:v1:118,L15,20241121,v1,118,369,741,44,539
L15:20241121:v1:119,L15,20241121,v1,119,206,561,638,225
L15:20241121:v1:120,L15,20241121,v1,120,561,73,259,407
L15:20241121:v1:121,L15,20241121,v1,121,223,587,268,226
L15:20241121:v1:123,L15,20241121,v1,123,412,33,612,565
L15:20241121:v1:124,L15,20241121,v1,124,474,170,244,439
L15:20241121:v1:125,L15,20241121,v1,125,36,440,386,51
L15:20241121:v1:126,L15,20241121,v1,126,413,34,45,408
L15:20241121:v1:127,L15,20241121,v1,127,647,667,334,618
L15:20241121:v1:129,L15,20241121,v1,129,325,74,46,409
L15:20241121:v1:130,L15,20241121,v1,130,575,250,299,310
L15:20241121:v1:131,L15,20241121,v1,131,654,441,613,639
L15:20241121:v1:132,L15,20241121,v1,132,370,35,47,344
L15:20241121:v1:133,L15,20241121,v1,133,414,110,134,377
L15:20241121:v1:134,L15,20241121,v1,134,415,75,96,410
L15:20241121:v1:136,L15,20241121,v1,136,416,111,135,378
L15:20241121:v1:137,L15,20241121,v1,137,37,562,614,52
L15:20241121:v1:138,L15,20241121,v1,138,103,382,665,53
L15:20241121:v1:139,L15,20241121,v1,139,730,742,615,248
L15:20241121:v1:140,L15,20241121,v1,140,621,466,308,291
L15:20241121:v1:141,L15,20241121,v1,141,268,588,616,262
L15:20241121:v1:142,L15,20241121,v1,142,609,497,345,90
L15:20241121:v1:144,L15,20241121,v1,144,156,156,165,512
L15:20241121:v1:145,L15,20241121,v1,145,104,616,136,91
L15:20241121:v1:146,L15,20241121,v1,146,247,604,269,263
L15:20241121:v1:148,L15,20241121,v1,148,38,36,245,54
L15:20241121:v1:149,L15,20241121,v1,149,417,76,226,428
L15:20241121:v1:150,L15,20241121,v1,150,264,642,260,652
L15:20241121:v1:151,L15,20241121,v1,151,39,605,710,240
L15:20241121:v1:152,L15,20241121,v1,152,655,548,270,640
L15:20241121:v1:153,L15,20241121,v1,153,444,412,604,411
L15:20241121:v1:155,L15,20241121,v1,155,418,77,48,743
L15:20241121:v1:156,L15,20241121,v1,156,40,360,605,55
L15:20241121:v1:157,L15,20241121,v1,157,458,361,617,122
L15:20241121:v1:158,L15,20241121,v1,158,313,317,137,540
L15:20241121:v1:159,L15,20241121,v1,159,419,743,227,56
L15:20241121:v1:160,L15,20241121,v1,160,157,442,346,286
L15:20241121:v1:161,L15,20241121,v1,161,685,744,166,566
L15:20241121:v1:162,L15,20241121,v1,162,420,190,208,379
L15:20241121:v1:163,L15,20241121,v1,163,445,431,618,412
L15:20241121:v1:164,L15,20241121,v1,164,459,337,405,633
L15:20241121:v1:166,L15,20241121,v1,166,303,269,719,702
L15:20241121:v1:167,L15,20241121,v1,167,283,251,646,619
L15:20241121:v1:168,L15,20241121,v1,168,371,521,589,541
L15:20241121:v1:169,L15,20241121,v1,169,372,338,564,380
L15:20241121:v1:170,L15,20241121,v1,170,326,78,49,57
L15:20241121:v1:171,L15,20241121,v1,171,327,112,97,335
L15:20241121:v1:172,L15,20241121,v1,172,446,79,138,456
L15:20241121:v1:173,L15,20241121,v1,173,421,80,98,58
L15:20241121:v1:174,L15,20241121,v1,174,422,81,167,542
L15:20241121:v1:175,L15,20241121,v1,175,423,113,99,589
L15:20241121:v1:176,L15,20241121,v1,176,518,296,50,543
L15:20241121:v1:177,L15,20241121,v1,177,673,683,565,513
L15:20241121:v1:178,L15,20241121,v1,178,248,230,631,249
L15:20241121:v1:179,L15,20241121,v1,179,347,37,51,381
L15:20241121:v1:181,L15,20241121,v1,181,460,643,309,444
L15:20241121:v1:183,L15,20241121,v1,183,207,231,52,199
L15:20241121:v1:193,L15,20241121,v1,193,181,498,491,200
L15:20241121:v1:199,L15,20241121,v1,199,105,563,406,92
L15:20241121:v1:201,L15,20241121,v1,201,686,297,751,544
L15:20241121:v1:207,L15,20241121,v1,207,224,499,492,201
L15:20241121:v1:209,L15,20241121,v1,209,656,656,493,567
L15:20241121:v1:212,L15,20241121,v1,212,208,232,666,202
L15:20241121:v1:214,L15,20241121,v1,214,674,644,407,514
L15:20241121:v1:217,L15,20241121,v1,217,466,668,687,653
L15:20241121:v1:218,L15,20241121,v1,218,182,598,418,203
L15:20241121:v1:219,L15,20241121,v1,219,731,467,494,641
L15:20241121:v1:220,L15,20241121,v1,220,467,257,246,692
L15:20241121:v1:222,L15,20241121,v1,222,657,413,408,327
L15:20241121:v1:223,L15,20241121,v1,223,732,468,462,744
L15:20241121:v1:224,L15,20241121,v1,224,183,38,100,123
L15:20241121:v1:225,L15,20241121,v1,225,158,414,495,204
L15:20241121:v1:226,L15,20241121,v1,226,70,539,566,124
L15:20241121:v1:227,L15,20241121,v1,227,733,599,496,301
L15:20241121:v1:228,L15,20241121,v1,228,106,500,497,158
L15:20241121:v1:229,L15,20241121,v1,229,675,684,720,707
L15:20241121:v1:230,L15,20241121,v1,230,133,469,498,125
L15:20241121:v1:233,L15,20241121,v1,233,240,208,209,227
L15:20241121:v1:234,L15,20241121,v1,234,734,745,375,745
L15:20241121:v1:237,L15,20241121,v1,237,735,746,53,746
L15:20241121:v1:238,L15,20241121,v1,238,159,415,567,159
L15:20241121:v1:239,L15,20241121,v1,239,275,573,271,250
L15:20241121:v1:240,L15,20241121,v1,240,348,39,101,747
L15:20241121:v1:245,L15,20241121,v1,245,160,549,310,179
L15:20241121:v1:247,L15,20241121,v1,247,535,522,361,708
L15:20241121:v1:250,L15,20241121,v1,250,536,157,210,413
L15:20241121:v1:252,L15,20241121,v1,252,161,171,499,160
L15:20241121:v1:253,L15,20241121,v1,253,71,40,261,59
L15:20241121:v1:254,L15,20241121,v1,254,41,657,500,60
L15:20241121:v1:255,L15,20241121,v1,255,551,275,501,180
L15:20241121:v1:257,L15,20241121,v1,257,241,645,347,302
L15:20241121:v1:260,L15,20241121,v1,260,736,82,311,445
L15:20241121:v1:261,L15,20241121,v1,261,184,501,502,205
L15:20241121:v1:264,L15,20241121,v1,264,42,41,348,61
L15:20241121:v1:268,L15,20241121,v1,268,349,523,541,126
L15:20241121:v1:270,L15,20241121,v1,270,373,318,542,127
L15:20241121:v1:275,L15,20241121,v1,275,291,606,327,295
L15:20241121:v1:283,L15,20241121,v1,283,350,319,543,206
L15:20241121:v1:284,L15,20241121,v1,284,737,747,54,207
L15:20241121:v1:288,L15,20241121,v1,288,622,658,192,670
L15:20241121:v1:291,L15,20241121,v1,291,209,191,667,208
L15:20241121:v1:295,L15,20241121,v1,295,107,470,679,161
L15:20241121:v1:296,L15,20241121,v1,296,43,362,544,414
L15:20241121:v1:301,L15,20241121,v1,301,185,158,545,209
L15:20241121:v1:302,L15,20241121,v1,302,658,524,55,654
L15:20241121:v1:303,L15,20241121,v1,303,210,192,292,210
L15:20241121:v1:305,L15,20241121,v1,305,468,669,419,415
L15:20241121:v1:306,L15,20241121,v1,306,307,670,721,181
L15:20241121:v1:308,L15,20241121,v1,308,738,471,503,62
L15:20241121:v1:309,L15,20241121,v1,309,108,339,546,63
L15:20241121:v1:310,L15,20241121,v1,310,292,363,680,328
L15:20241121:v1:312,L15,20241121,v1,312,211,607,272,93
L15:20241121:v1:313,L15,20241121,v1,313,659,748,362,211
L15:20241121:v1:314,L15,20241121,v1,314,687,671,752,416
L15:20241121:v1:315,L15,20241121,v1,315,212,172,211,212
L15:20241121:v1:317,L15,20241121,v1,317,134,617,409,162
L15:20241121:v1:321,L15,20241121,v1,321,249,42,668,568
L15:20241121:v1:322,L15,20241121,v1,322,186,564,623,163
L15:20241121:v1:323,L15,20241121,v1,323,44,525,387,64
L15:20241121:v1:325,L15,20241121,v1,325,258,399,568,228
L15:20241121:v1:326,L15,20241121,v1,326,600,264,273,642
L15:20241121:v1:327,L15,20241121,v1,327,72,589,624,65
L15:20241121:v1:332,L15,20241121,v1,332,162,526,569,128
L15:20241121:v1:333,L15,20241121,v1,333,135,540,619,129
L15:20241121:v1:334,L15,20241121,v1,334,213,193,647,182
L15:20241121:v1:335,L15,20241121,v1,335,615,293,711,643
L15:20241121:v1:338,L15,20241121,v1,338,739,749,504,569
L15:20241121:v1:339,L15,20241121,v1,339,552,43,56,570
L15:20241121:v1:341,L15,20241121,v1,341,610,608,388,634
L15:20241121:v1:344,L15,20241121,v1,344,589,400,57,251
L15:20241121:v1:345,L15,20241121,v1,345,250,401,426,229
L15:20241121:v1:346,L15,20241121,v1,346,328,44,58,571
L15:20241121:v1:348,L15,20241121,v1,348,284,233,234,230
L15:20241121:v1:350,L15,20241121,v1,350,740,502,59,213
L15:20241121:v1:351,L15,20241121,v1,351,741,244,753,671
L15:20241121:v1:353,L15,20241121,v1,353,447,527,505,164
L15:20241121:v1:355,L15,20241121,v1,355,73,472,547,66
L15:20241121:v1:357,L15,20241121,v1,357,285,245,320,311
L15:20241121:v1:364,L15,20241121,v1,364,623,646,278,660
L15:20241121:v1:365,L15,20241121,v1,365,109,503,548,130
L15:20241121:v1:367,L15,20241121,v1,367,308,685,699,681
L15:20241121:v1:368,L15,20241121,v1,368,309,672,728,382
L15:20241121:v1:369,L15,20241121,v1,369,742,659,625,383
L15:20241121:v1:373,L15,20241121,v1,373,624,159,626,682
L15:20241121:v1:374,L15,20241121,v1,374,595,276,681,683
L15:20241121:v1:375,L15,20241121,v1,375,225,209,228,287
L15:20241121:v1:376,L15,20241121,v1,376,251,234,262,655
L15:20241121:v1:377,L15,20241121,v1,377,475,420,279,252
L15:20241121:v1:380,L15,20241121,v1,380,648,550,570,656
L15:20241121:v1:381,L15,20241121,v1,381,743,686,754,748
L15:20241121:v1:382,L15,20241121,v1,382,74,364,506,131
L15:20241121:v1:383,L15,20241121,v1,383,110,473,507,165
L15:20241121:v1:384,L15,20241121,v1,384,163,45,102,350
L15:20241121:v1:386,L15,20241121,v1,386,744,631,632,241
L15:20241121:v1:387,L15,20241121,v1,387,596,258,654,273
L15:20241121:v1:388,L15,20241121,v1,388,745,474,430,749
L15:20241121:v1:389,L15,20241121,v1,389,660,647,700,329
L15:20241121:v1:390,L15,20241121,v1,390,351,383,463,590
L15:20241121:v1:391,L15,20241121,v1,391,519,551,139,351
L15:20241121:v1:392,L15,20241121,v1,392,746,750,60,231
L15:20241121:v1:393,L15,20241121,v1,393,520,552,571,330
L15:20241121:v1:395,L15,20241121,v1,395,469,590,755,750
L15:20241121:v1:396,L15,20241121,v1,396,502,421,349,242
L15:20241121:v1:397,L15,20241121,v1,397,503,114,140,545
L15:20241121:v1:398,L15,20241121,v1,398,747,384,508,67
L15:20241121:v1:399,L15,20241121,v1,399,483,432,443,274
L15:20241121:v1:400,L15,20241121,v1,400,521,173,712,457
L15:20241121:v1:403,L15,20241121,v1,403,748,475,464,317
L15:20241121:v1:404,L15,20241121,v1,404,45,402,509,68
L15:20241121:v1:405,L15,20241121,v1,405,164,528,549,132
L15:20241121:v1:407,L15,20241121,v1,407,329,214,363,572
L15:20241121:v1:409,L15,20241121,v1,409,111,504,510,133
L15:20241121:v1:410,L15,20241121,v1,410,112,385,572,94
L15:20241121:v1:412,L15,20241121,v1,412,374,143,168,546
L15:20241121:v1:413,L15,20241121,v1,413,749,751,61,573
L15:20241121:v1:414,L15,20241121,v1,414,187,194,62,214
L15:20241121:v1:416,L15,20241121,v1,416,750,476,511,591
L15:20241121:v1:418,L15,20241121,v1,418,751,752,756,751
L15:20241121:v1:420,L15,20241121,v1,420,46,753,63,69
L15:20241121:v1:424,L15,20241121,v1,424,113,505,512,166
L15:20241121:v1:426,L15,20241121,v1,426,625,195,212,684
L15:20241121:v1:428,L15,20241121,v1,428,375,477,513,352
L15:20241121:v1:429,L15,20241121,v1,429,752,754,550,95
L15:20241121:v1:432,L15,20241121,v1,432,376,506,514,167
L15:20241121:v1:433,L15,20241121,v1,433,188,529,551,232
L15:20241121:v1:434,L15,20241121,v1,434,601,507,169,592
L15:20241121:v1:436,L15,20241121,v1,436,226,508,410,752
L15:20241121:v1:437,L15,20241121,v1,437,75,83,389,70
L15:20241121:v1:438,L15,20241121,v1,438,259,235,701,336
L15:20241121:v1:439,L15,20241121,v1,439,688,609,420,275
L15:20241121:v1:440,L15,20241121,v1,440,568,422,364,215
L15:20241121:v1:441,L15,20241121,v1,441,638,632,692,264
L15:20241121:v1:442,L15,20241121,v1,442,114,210,688,96
L15:20241121:v1:443,L15,20241121,v1,443,470,46,103,429
L15:20241121:v1:444,L15,20241121,v1,444,626,478,312,71
L15:20241121:v1:445,L15,20241121,v1,445,476,618,193,446
L15:20241121:v1:446,L15,20241121,v1,446,293,236,689,697
L15:20241121:v1:447,L15,20241121,v1,447,286,509,515,168
L15:20241121:v1:448,L15,20241121,v1,448,649,553,590,183
L15:20241121:v1:449,L15,20241121,v1,449,287,633,194,753
L15:20241121:v1:450,L15,20241121,v1,450,189,530,552,675
L15:20241121:v1:452,L15,20241121,v1,452,304,215,702,430
L15:20241121:v1:453,L15,20241121,v1,453,76,510,516,593
L15:20241121:v1:454,L15,20241121,v1,454,753,479,517,134
L15:20241121:v1:455,L15,20241121,v1,455,754,480,465,479
L15:20241121:v1:457,L15,20241121,v1,457,377,47,64,384
L15:20241121:v1:458,L15,20241121,v1,458,562,554,591,644
L15:20241121:v1:459,L15,20241121,v1,459,242,574,627,620
L15:20241121:v1:460,L15,20241121,v1,460,190,196,592,253
L15:20241121:v1:461,L15,20241121,v1,461,115,403,65,135
L15:20241121:v1:462,L15,20241121,v1,462,47,197,66,72
L15:20241121:v1:463,L15,20241121,v1,463,755,755,757,337
L15:20241121:v1:464,L15,20241121,v1,464,756,756,67,296
L15:20241121:v1:465,L15,20241121,v1,465,522,433,466,243
L15:20241121:v1:466,L15,20241121,v1,466,627,48,321,331
L15:20241121:v1:468,L15,20241121,v1,468,757,757,693,754
L15:20241121:v1:469,L15,20241121,v1,469,758,687,467,574
L15:20241121:v1:470,L15,20241121,v1,470,352,340,573,575
L15:20241121:v1:471,L15,20241121,v1,471,48,404,390,216
L15:20241121:v1:472,L15,20241121,v1,472,49,416,518,73
L15:20241121:v1:473,L15,20241121,v1,473,569,434,468,613
L15:20241121:v1:475,L15,20241121,v1,475,581,634,633,621
L15:20241121:v1:476,L15,20241121,v1,476,759,758,758,755
L15:20241121:v1:479,L15,20241121,v1,479,116,481,519,136
L15:20241121:v1:480,L15,20241121,v1,480,639,759,713,312
L15:20241121:v1:481,L15,20241121,v1,481,602,619,170,292
L15:20241121:v1:483,L15,20241121,v1,483,760,482,444,594
L15:20241121:v1:485,L15,20241121,v1,485,77,511,553,97
L19:20250930:v1:0,L19,20250930,v1,0,590,198,639,480
L19:20250930:v1:1,L19,20250930,v1,1,537,174,171,353
L19:20250930:v1:2,L19,20250930,v1,2,635,483,714,756
L19:20250930:v1:3,L19,20250930,v1,3,538,298,229,354
L19:20250930:v1:4,L19,20250930,v1,4,761,701,759,685
L19:20250930:v1:6,L19,20250930,v1,6,50,49,520,757
L19:20250930:v1:7,L19,20250930,v1,7,539,84,68,547
L19:20250930:v1:8,L19,20250930,v1,8,676,555,760,758
L19:20250930:v1:9,L19,20250930,v1,9,553,417,469,74
L19:20250930:v1:10,L19,20250930,v1,10,661,443,431,137
L19:20250930:v1:12,L19,20250930,v1,12,591,673,274,345
L19:20250930:v1:15,L19,20250930,v1,15,603,760,761,759
L19:20250930:v1:16,L19,20250930,v1,16,504,175,574,481
L19:20250930:v1:21,L19,20250930,v1,21,269,115,141,515
L19:20250930:v1:26,L19,20250930,v1,26,353,160,172,138
L19:20250930:v1:27,L19,20250930,v1,27,191,237,722,760
L19:20250930:v1:31,L19,20250930,v1,31,165,85,554,98
L19:20250930:v1:35,L19,20250930,v1,35,51,50,69,75
L19:20250930:v1:38,L19,20250930,v1,38,314,648,521,297
L19:20250930:v1:41,L19,20250930,v1,41,192,199,421,217
L19:20250930:v1:42,L19,20250930,v1,42,611,423,555,288
L19:20250930:v1:43,L19,20250930,v1,43,540,176,322,276
L19:20250930:v1:44,L19,20250930,v1,44,576,259,634,614
L19:20250930:v1:45,L19,20250930,v1,45,193,51,620,184
L19:20250930:v1:46,L19,20250930,v1,46,330,252,350,76
L19:20250930:v1:47,L19,20250930,v1,47,650,320,235,218
L19:20250930:v1:48,L19,20250930,v1,48,762,761,703,761
L19:20250930:v1:50,L19,20250930,v1,50,604,702,655,762
L19:20250930:v1:51,L19,20250930,v1,51,294,565,628,686
L19:20250930:v1:54,L19,20250930,v1,54,541,762,104,417
L19:20250930:v1:55,L19,20250930,v1,55,315,556,593,661
L19:20250930:v1:56,L19,20250930,v1,56,52,541,575,99
L19:20250930:v1:57,L19,20250930,v1,57,166,52,70,77
L19:20250930:v1:64,L19,20250930,v1,64,252,688,432,219
L19:20250930:v1:65,L19,20250930,v1,65,763,763,762,763
L19:20250930:v1:66,L19,20250930,v1,66,577,575,275,458
L19:20250930:v1:68,L19,20250930,v1,68,276,531,576,687
L19:20250930:v1:70,L19,20250930,v1,70,53,216,142,78
L19:20250930:v1:73,L19,20250930,v1,73,331,299,323,303
L19:20250930:v1:82,L19,20250930,v1,82,448,53,470,595
L19:20250930:v1:83,L19,20250930,v1,83,78,116,71,79
L19:20250930:v1:84,L19,20250930,v1,84,54,144,763,185
L19:20250930:v1:88,L19,20250930,v1,88,136,117,105,596
L19:20250930:v1:89,L19,20250930,v1,89,378,118,682,355
L19:20250930:v1:91,L19,20250930,v1,91,55,321,72,80
L19:20250930:v1:94,L19,20250930,v1,94,305,253,422,459
L19:20250930:v1:96,L19,20250930,v1,96,295,270,263,615
L19:20250930:v1:97,L19,20250930,v1,97,354,119,143,576
L19:20250930:v1:98,L19,20250930,v1,98,332,265,351,298
L19:20250930:v1:100,L19,20250930,v1,100,379,284,445,418
L19:20250930:v1:106,L19,20250930,v1,106,117,120,106,606
L19:20250930:v1:107,L19,20250930,v1,107,640,246,704,662
L19:20250930:v1:108,L19,20250930,v1,108,310,322,365,764
L19:20250930:v1:109,L19,20250930,v1,109,764,674,764,676
L19:20250930:v1:110,L19,20250930,v1,110,641,660,705,635
L19:20250930:v1:111,L19,20250930,v1,111,296,254,264,645
L19:20250930:v1:115,L19,20250930,v1,115,597,266,280,516
L19:20250930:v1:116,L19,20250930,v1,116,355,285,285,356
L19:20250930:v1:119,L19,20250930,v1,119,380,161,300,346
